uniqueID,party,partyFrom,partyTo,comment
Abbott1957,LIB,1994-03-26,2019-05-18,
Abbott1886,CP,1925-11-14,1937-03-28,
Abbott1891,CP,1940-09-21,1949-10-31,
Abbott1869,LIB,1913-05-31,1917-02-17,
Abbott1869,NAT,1917-02-17,1919-11-03,
Abel1939,LIB,1975-12-13,1977-11-10,
Adams1951,ALP,1993-03-13,2013-09-07,
Adermann1927,CP,1972-12-02,1975-05-01,
Adermann1927,NCP,1975-05-01,1982-10-01,
Adermann1927,NPA,1982-10-01,1990-02-19,
Adermann1896,CP,1943-08-21,1972-11-02,
Ahern1871,LIB,1913-05-31,1914-09-05,
Albanese1963,ALP,1996-03-02,,
Aldred1945,LIB,1975-12-13,1996-01-29,
Alexander1951,LIB,2010-08-21,,
Allan1916,CP,1953-12-19,1969-04-30,
Aly1967,ALP,2016-07-02,,
AndersonCharles1897,CP,1949-12-10,1961-12-09,
AndersonGordon1897,ALP,1949-12-10,1955-11-04,
Anderson1956,NPA,1989-04-15,2003-10-01,
Anderson1956,NP,2003-10-01,2007-10-17,
Andren1946,IND,1996-03-02,2007-10-17,
Andrew1944,LIB,1983-03-05,2004-08-31,
Andrews1960,LIB,2010-08-21,,
Andrews1955,LIB,1991-05-11,,
Andrews1900,ALP,1949-12-10,1955-04-01,
Andrews1900,ALP (A-C),1955-04-01,1955-12-10,
Anstey1865,ALP,1910-04-13,1931-01-01,
Anstey1865,FLP,1931-01-01,1934-08-07,
Anthony1897,CP,1937-10-23,1957-07-12,
Anthony1929,CP,1957-09-14,1975-05-01,
Anthony1929,NCP,1975-05-01,1982-10-01,
Anthony1929,NPA,1982-10-01,1984-01-18,
Anthony1961,NPA,1996-03-02,2003-10-01,
Anthony1961,NP,2003-10-01,2004-10-09,
Archer1871,ANTI-SOC,1906-12-12,1910-04-13,
Archibald1852,ALP,1910-04-13,1917-02-17,
Archibald1852,NAT,1917-02-17,1919-12-13,
Armitage1920,ALP,1961-12-09,1983-02-04,
Armstrong1909,CP,1965-02-27,1969-10-25,
Arthur1875,ALP,1913-05-31,1914-12-09,
Arthur1918,LIB,1966-11-26,1969-10-25,
AshleyBrown1915,ALP,1972-12-02,1974-05-18,
Aston1916,LIB,1955-12-10,1972-12-02,
Atkinson1867,ANTI-SOC,1906-12-12,1910-01-01,
Atkinson1867,LIB,1910-01-01,1917-02-17,
Atkinson1867,NAT,1917-02-17,1923-01-01,
Atkinson1867,CP,1923-01-01,1925-01-01,
Atkinson1867,NAT,1925-01-01,1929-10-12,
Atkinson1948,LIB,1990-03-24,1996-03-02,
Badman1885,UAP,1937-10-23,1940-01-01,
Badman1885,CP,1940-01-01,1943-08-21,
Bailey1946,LIB,1990-03-24,2010-07-19,
Baillieu1937,LIB,1975-12-13,1980-10-18,
Baird1942,LIB,1998-10-03,2007-10-17,
Baker1903,FLP,1931-12-19,1939-03-28,
Baker1873,ALP,1940-09-21,1943-08-21,
Baker1958,LIB,2004-10-09,2007-11-24,
Baldwin1951,ALP,1983-03-05,1998-08-31,
Baldwin1955,LIB,1996-03-02,2016-05-09,
Bamford1849,ALP,1901-03-30,1917-02-17,
Bamford1849,NAT,1917-02-17,1925-10-03,
Bandidt1906,CP,1958-11-22,1961-12-09,
Bandt1972,GRN,2010-08-21,,
Banks1962,LIB,2016-07-02,2018-11-27,
Banks1962,IND,2018-11-27,2019-05-18,
Barnard1890,FLP,1934-09-15,1936-01-01,
Barnard1890,ALP,1936-01-01,1949-12-10,
Barnard1919,ALP,1954-05-29,1975-06-02,
Barnes1901,CP,1958-11-22,1972-11-02,
Barresi1955,LIB,1996-03-02,2007-11-24,
Bartlett1949,LIB,1996-03-02,2007-11-24,
Barton1849,PROT,1901-03-29,1903-09-30,
Barwick1903,LIB,1958-03-08,1964-04-24,
Batchelor1865,ALP,1901-03-30,1911-10-08,
Bate1906,LIB,1949-12-10,1972-10-01,
Bate1906,IND,1972-10-01,1972-12-02,
Baume1930,LIB,1975-12-13,1983-03-05,
Bayley1882,NAT,1917-05-05,1931-12-19,
Beale1934,LIB,1984-12-01,1996-03-02,
Beale1898,LIB,1946-09-28,1958-02-10,
Beard1864,ALP,1910-04-13,1910-12-18,
Beasley1895,ALP,1928-11-17,1931-01-01,
Beasley1895,LANG LAB,1931-01-01,1936-01-01,
Beasley1895,ALP,1936-01-01,1940-01-01,
Beasley1895,ALP (N-C),1940-01-01,1941-01-01,
Beasley1895,ALP,1941-01-01,1946-08-14,
Beaton1925,ALP,1960-07-16,1969-04-09,
Beazley1948,ALP,1980-10-18,2007-10-17,
Beazley1917,ALP,1945-08-18,1977-11-10,
Beck1882,UAP,1940-09-21,1943-08-21,
Beddall1948,ALP,1983-03-05,1998-08-31,
Bell1872,NAT,1919-12-13,1931-01-01,
Bell1872,UAP,1931-01-01,1943-07-07,
Bennett1933,ALP,1969-10-25,1975-12-13,
Bennett1872,ALP,1912-06-01,1913-04-23,
Bennett1874,LIB,1913-05-31,1914-09-05,
Benson1909,ALP,1962-09-01,1966-08-01,
Benson1909,IND,1966-08-01,1969-09-29,
Berinson1932,ALP,1969-10-25,1975-12-13,
Berry1907,LIB,1949-12-10,1954-05-29,
Best1856,LIB,1910-08-24,1917-02-17,
Best1856,NAT,1917-02-17,1922-12-16,
Bevis1955,ALP,1990-03-24,2010-08-21,
Bidgood1959,ALP,2007-11-24,2010-07-19,
Billson1966,LIB,1996-03-02,2016-05-09,
Bilney1939,ALP,1983-03-05,1996-03-02,
Bird1906,ALP,1949-12-10,1962-07-21,
Bird1962,ALP,2004-10-09,,
Birney1928,LIB,1975-12-13,1983-03-05,
Birrell1913,ALP,1963-11-30,1974-04-11,
Bishop1942,LIB,1994-03-26,2016-05-09,
Bishop1956,LIB,1998-10-03,2019-05-18,
Blackburn1889,IND LAB,1946-09-28,1949-12-10,
Blackburn1880,FLP,1934-09-15,1937-01-01,
Blackburn1880,ALP,1937-01-01,1941-01-01,
Blackburn1880,IND LAB,1941-01-01,1943-08-21,
Blacklow1879,UAP,1931-12-19,1934-09-15,
Blackwood1861,FT,1903-12-16,1904-04-13,
Blain1894,IND,1934-09-15,1949-12-10,
Blakeley1886,ALP,1917-05-05,1931-01-01,
Blakeley1886,FLP,1931-01-01,1934-09-15,
Blanchard1929,ALP,1983-03-05,1990-03-24,
Bland1882,LIB,1951-04-28,1961-11-02,
Blewett1933,ALP,1977-12-10,1994-02-11,
Blundell1873,NAT,1919-12-13,1922-12-16,
Blunt1951,NPA,1984-02-18,1990-03-24,
Bonnett1916,LIB,1966-11-26,1977-11-10,
Bonython1848,PROT,1901-03-30,1906-11-05,
Bosman1924,LIB,1963-11-30,1969-10-25,
Bostock1892,LIB,1949-12-10,1958-11-22,
Bourchier1929,LIB,1972-12-02,1983-03-05,
Bourke1913,ALP,1949-12-10,1955-04-01,
Bourke1913,ALP (A-C),1955-04-01,1955-12-10,
Bowden1872,ANTI-SOC,1906-12-12,1910-04-13,
Bowden1872,NAT,1919-12-13,1922-12-16,
Bowden1888,CP,1943-08-21,1961-11-02,
Bowen1973,ALP,2004-10-09,,
Bowen1922,ALP,1969-10-25,1990-02-19,
Bowen1911,LIB,1964-06-20,1973-07-11,
Boyd1867,LIB,1913-05-31,1917-02-17,
Boyd1867,NAT,1917-02-17,1919-12-13,
Bradbury1976,ALP,2007-11-24,2013-09-07,
Braddon1829,FT,1901-03-29,1904-02-02,
Bradfield1933,LIB,1975-12-13,1983-03-05,
Bradford1946,LIB,1990-03-24,1998-04-01,
Bradford1946,CDP,1998-04-01,1998-10-03,
Braithwaite1933,NCP,1975-12-13,1982-10-01,
Braithwaite1933,NPA,1982-10-01,1996-01-29,
Brand1888,CP,1954-05-29,1958-10-14,
Breen1898,ALP,1940-09-21,1946-09-28,
Brennan1873,ALP,1911-02-08,1931-12-19,
Brennan1873,FLP,1934-09-15,1936-01-01,
Brennan1873,ALP,1936-01-01,1949-10-31,
Brereton1946,ALP,1990-03-24,2004-08-31,
Bridges-Maxwell1929,LIB,1964-12-05,1969-10-25,
Briggs1977,LIB,2008-09-06,2016-07-02,
Brimblecombe1898,CP,1951-04-28,1966-10-31,
Broad1975,NP,2013-09-07,,
Broadbent1950,LIB,1990-03-24,,
Brodtmann1963,ALP,2010-08-21,,
Brough1961,LIB,1996-03-02,2016-05-09,
Brown1894,LIB,1949-12-10,1955-10-14,
Brown1931,ALP,1977-12-10,1990-02-19,
Brown1843,ANTI-SOC,1906-12-12,1910-04-13,
Brown1940,LIB,1969-10-25,1991-02-25,
Brown1933,ALP,1980-10-18,1998-08-31,
Brown1861,ALP,1901-03-29,1913-05-31,
Brownbill1914,LIB,1966-11-26,1969-10-25,
Browne1924,LIB,1958-11-22,1961-12-09,
Bruce1884,ALP,1951-04-28,1958-10-11,
Bruce1883,NAT,1918-05-11,1929-10-12,
Bruce1883,UAP,1931-12-19,1933-11-11,
Brumby1953,ALP,1983-03-05,1990-03-24,
Bryant1914,ALP,1955-12-10,1980-09-19,
Bryson1898,ALP,1943-08-21,1955-04-01,
Bryson1898,ALP (A-C),1955-04-01,1955-12-10,
Buchanan1905,LIB,1955-12-10,1972-11-01,
Buchanan1905,IND,1972-11-01,1972-12-02,
Buchholz1968,LIB,2010-08-21,,
Bungey1934,LIB,1974-05-18,1983-03-05,
Burchell1883,ALP,1913-05-31,1917-02-17,
Burchell1883,NAT,1917-02-17,1922-11-06,
Burke1966,ALP,1998-10-03,2016-05-09,
Burke1969,ALP,2004-10-09,,
Burke1910,ALP,1943-08-21,1955-12-10,
Burney1957,ALP,2016-07-02,,
Burns1869,ALP,1913-05-31,1917-05-05,
Burns1933,LIB,1977-12-10,1980-10-18,
Burr1939,LIB,1975-12-13,1993-02-08,
Bury1913,LIB,1956-12-08,1974-04-11,
Butler1970,ALP,2007-11-24,,
Butler1977,ALP,2014-02-08,,
Byrne1962,ALP,1999-11-06,,
Cadman1937,LIB,1974-05-18,2007-10-17,
Cairns1914,ALP,1955-12-10,1977-11-10,
Cairns1929,LIB,1963-11-30,1980-10-18,
Calder1916,CP,1966-11-26,1975-05-01,
Calder1916,NCP,1975-05-01,1980-09-19,
Calwell1896,ALP,1940-09-21,1972-11-02,
Cameron1895,CP,1934-09-15,1944-01-01,
Cameron1895,LIB,1944-01-01,1951-01-01,
Cameron1895,LCL,1951-01-01,1954-01-01,
Cameron1895,LIB,1954-01-01,1956-08-09,
Cameron1913,ALP,1949-12-10,1980-09-19,
Cameron1900,LIB,1949-12-10,1961-12-09,
Cameron1879,NAT,1919-12-13,1931-12-19,
Cameron1917,ALP,1961-12-09,1963-11-30,
Cameron1940,LIB,1966-11-26,1990-03-24,
Cameron1851,FT,1901-03-29,1906-12-12,
Cameron1951,LIB,1993-03-13,1998-10-03,
Cameron1930,LIB,1977-12-10,1993-02-08,
Cameron1938,NCP,1980-10-18,1982-10-01,
Cameron1938,NPA,1982-10-01,1990-02-19,
Cameron1873,LIB,1922-12-16,1925-01-01,
Cameron1873,NAT,1925-01-01,1931-01-01,
Cameron1873,UAP,1931-01-01,1934-08-07,
Cameron1965,LIB,1996-03-02,2004-10-09,
Campbell1939,ALP,1980-10-18,1995-12-01,
Campbell1939,IND,1995-12-01,1998-10-03,
Campbell1972,ALP,2007-11-24,2010-07-19,
Cann1871,ALP,1910-04-13,1913-05-31,
Carige1938,NCP,1975-12-13,1977-12-10,
Carlton1935,LIB,1977-12-10,1994-01-14,
Carpenter1863,ALP,1903-12-16,1906-12-12,
Carr1875,ALP,1906-12-12,1917-02-01,
Carr1875,NAT,1917-02-01,1917-05-05,
Casey1890,UAP,1931-12-19,1940-01-30,
Casey1890,LIB,1949-12-10,1960-04-09,
Cash1919,LIB,1958-11-22,1961-12-09,
Cass1927,ALP,1969-10-25,1983-02-04,
Catley1942,ALP,1990-03-24,1993-03-13,
Catts1878,ALP,1906-12-12,1922-12-16,
Causley1940,NPA,1996-03-02,2003-10-01,
Causley1940,NP,2003-10-01,2007-10-17,
Chalmers1978,ALP,2013-09-07,,
Chambers1897,ALP,1943-08-21,1958-10-14,
Champion1972,ALP,2007-11-24,,
Chaney1914,LIB,1955-12-10,1969-10-25,
Chaney1941,LIB,1990-03-24,1993-02-08,
Chanter1845,PROT,1901-03-29,1910-01-01,
Chanter1845,ALP,1910-01-01,1917-02-17,
Chanter1845,NAT,1917-02-17,1919-01-01,
Chanter1845,NAT & FARMERS,1919-01-01,1922-12-16,
Chapman1864,PROT,1901-03-29,1910-01-01,
Chapman1864,LIB,1910-01-01,1917-02-17,
Chapman1864,NAT,1917-02-17,1926-01-12,
Chapman1949,LIB,1975-12-13,1983-03-05,
Charles1948,ALP,1980-10-18,1990-02-19,
Charles1936,LIB,1990-03-24,2004-08-31,
Charlesworth1952,ALP,1983-03-05,1993-02-08,
Charlton1866,ALP,1910-04-13,1928-10-09,
Cheeseman1976,ALP,2007-11-24,2013-09-07,
Chester1967,NP,2008-06-28,,
Chesters1980,ALP,2013-09-07,,
Chifley1885,ALP,1928-11-17,1951-06-13,
Child1921,ALP,1974-05-18,1990-02-19,
Chipp1925,LIB,1960-12-10,1977-03-01,
Chipp1925,IND,1977-03-01,1977-05-01,
Chipp1925,AD,1977-05-01,1977-11-10,
Chresby1908,LIB,1958-11-22,1961-12-09,
Christensen1978,NP,2010-08-21,,
Chynoweth1941,ALP,1983-03-05,1996-03-02,
Ciobo1974,LIB,2001-11-10,,
Clare1972,ALP,2007-11-24,,
Clarey1890,ALP,1949-12-10,1960-05-17,
Clark1897,LANG LAB,1934-09-15,1936-01-01,
Clark1897,ALP,1936-01-01,1969-09-29,
Clarke1857,PROT,1901-03-29,1903-12-16,
Clasby1891,UAP,1931-12-19,1932-01-15,
Clay1900,ALP,1958-11-22,1963-11-30,
Claydon1964,ALP,2013-09-07,,
Clayton1942,ALP,1974-05-18,1975-12-13,
Cleary1952,IND,1992-04-11,1996-03-02,
Cleaver1917,LIB,1955-12-10,1969-10-25,
Cleeland1938,ALP,1984-12-01,1996-03-02,
Coates1944,ALP,1972-12-02,1975-12-13,
Cobb1950,NPA,2001-11-10,2003-10-01,
Cobb1950,NP,2003-10-01,2016-05-09,
Cobb1945,NPA,1984-12-01,1998-08-31,
Cockle1908,LIB,1961-12-09,1966-08-03,
Cohen1935,ALP,1969-10-25,1990-02-19,
Coleman1974,LIB,2013-09-07,,
Coleman1892,ALP,1922-12-16,1931-12-19,
Coleman1928,LIB,1981-04-11,1987-06-05,
Coles1892,IND,1940-09-21,1946-02-11,
Collard1912,ALP,1961-12-09,1975-12-13,
Collins1971,ALP,2007-11-24,,
Collins1878,CP,1928-11-17,1929-10-12,
Collins1886,CP,1931-12-19,1943-08-21,
Comber1919,ALP,1961-12-09,1963-11-30,
Combet1958,ALP,2007-11-24,2013-08-05,
Conelan1895,ALP,1939-05-20,1949-12-10,
Connolly1939,LIB,1974-05-18,1996-01-29,
Connor1907,ALP,1963-11-30,1977-08-22,
Conquest1930,NPA,1984-12-01,1987-07-11,
Conroy1863,FT,1901-03-29,1906-12-12,
Conroy1863,LIB,1913-05-31,1914-09-05,
Conroy1979,ALP,2013-09-07,,
Considine1885,ALP,1917-05-05,1920-01-01,
Considine1885,IND LAB,1920-01-01,1922-12-16,
Cook1866,PROT,1901-03-29,1910-04-13,
Cook1860,FT,1901-03-29,1905-12-31,
Cook1860,ANTI-SOC,1906-01-01,1909-12-31,Name change
Cook1860,LIB,1910-01-01,1917-02-17,
Cook1860,NAT,1917-02-17,1921-11-11,
Cook1868,VFU,1919-12-13,1920-01-01,
Cook1868,CP,1920-01-01,1928-10-09,
Cooke1938,LIB,1972-12-02,1974-04-11,
Cooke1847,FT,1901-03-29,1903-11-23,
Coon1869,PROT,1906-12-12,1910-04-13,
Cope1907,ALP,1955-05-21,1975-11-11,
Corbett1908,CP,1966-11-26,1975-04-30,
Corbett1908,NCP,1975-05-01,1980-09-19,
Corboy1896,ALP,1918-10-26,1919-12-13,
Corcoran1951,ALP,2000-08-12,2007-10-17,
Corser1882,CP,1928-09-03,1954-04-21,
Corser1852,LIB,1915-12-11,1917-02-17,
Corser1852,NAT,1917-02-17,1928-07-31,
Costa1900,ALP,1949-12-10,1969-09-29,
Costello1957,LIB,1990-03-24,2009-10-19,
Cotter1935,LIB,1975-12-13,1980-10-18,
Coulton1958,NP,2007-11-24,,
Courtice1950,ALP,1987-07-11,1993-03-13,
Courtnay1903,ALP,1958-11-22,1969-09-29,
Coutts1908,ALP,1954-05-29,1966-11-26,
Cowan1926,NCP,1980-10-18,1982-10-01,
Cowan1926,NPA,1982-10-01,1993-02-08,
Cox1954,ALP,1998-10-03,2004-10-09,
Cramer1897,LIB,1949-12-10,1974-04-11,
Crawford1947,ALP,1987-07-11,1996-03-02,
Crean1916,ALP,1951-04-28,1977-11-10,
Crean1949,ALP,1990-03-24,2013-08-05,
Cremean1907,ALP,1949-12-10,1955-04-01,
Cremean1907,ALP (A-C),1955-04-01,1955-12-10,
Crewther1983,LIB,2016-07-02,2019-05-18,
Crook1959,NATS WA,2010-08-21,2013-08-05,
Crosio1939,ALP,1990-03-24,2004-08-31,
Cross1929,ALP,1961-12-09,1990-02-19,
Crouch1868,PROT,1901-03-29,1910-04-13,
Crouch1868,ALP,1929-10-12,1931-12-19,
Cruickshank1853,PROT,1901-03-29,1903-11-23,
Culley1877,ALP,1928-11-17,1931-12-19,
Culpin1846,ALP,1903-12-16,1906-12-12,
Cunningham1939,ALP,1980-10-18,1996-03-02,
Cunningham1889,ALP,1919-12-13,1931-12-19,
Curtin1898,ALP,1949-12-10,1969-09-29,
Curtin1885,ALP,1928-11-17,1931-12-19,
Curtin1885,FLP,1934-09-15,1936-01-01,
Curtin1885,ALP,1936-01-01,1945-07-05,
Cusack1867,ALP,1929-10-12,1931-12-19,
Daly1912,ALP,1943-08-21,1975-11-11,
Danby1955,ALP,1998-10-03,,
Dankel1864,ALP,1913-05-31,1917-02-17,
Dankel1864,NAT,1917-02-17,1917-03-26,
Dargavel1966,ALP,1997-02-01,1998-08-31,
Darling1936,ALP,1980-10-18,1993-02-08,
D'Ath1970,ALP,2007-11-24,2013-09-07,
Davidson1897,LIB-CP,1946-09-28,1949-12-10,
Davidson1897,CP,1949-12-10,1963-11-01,
Davies1919,ALP,1958-11-22,1975-12-13,
Davies1884,ALP,1949-12-10,1956-02-17,
Davis1900,LIB,1949-12-10,1966-10-31,
Dawkins1947,ALP,1974-05-18,1994-02-04,
Deahm1938,ALP,1993-03-13,1996-03-02,
Deakin1856,PROT,1901-03-29,1910-01-01,
Deakin1856,LIB,1910-01-01,1913-04-23,
Dean1942,LIB,1977-12-10,1983-03-05,
Dean1913,LIB,1949-12-10,1964-09-30,
Debus1943,ALP,2007-11-24,2010-07-19,
Dedman1896,ALP,1940-03-02,1949-12-10,
Dein1889,UAP,1931-12-19,1934-08-07,
Dennis1870,UAP,1931-12-19,1934-09-15,
Devine1923,ALP,1963-09-28,1969-09-29,
Dick1972,ALP,2016-07-02,,
Dobie1927,LIB,1966-11-26,1996-01-29,
Dodd1953,ALP,1993-03-13,1996-03-02,
Dondas1939,CLP,1996-03-02,1998-10-03,
Downer1951,LIB,1984-12-01,2008-07-14,
Downer1910,LIB,1949-12-10,1964-04-23,
Doyle1922,ALP,1972-12-02,1974-05-18,
Drakeford1878,FLP,1934-09-15,1936-01-01,
Drakeford1878,ALP,1936-01-01,1955-12-10,
Draper1959,LIB,1996-03-02,2007-10-17,
Dreyfus1956,ALP,2007-11-24,,
Drum1960,NP,2016-07-02,,
Drummond1890,CP,1949-12-10,1963-11-01,
Drummond1931,LIB,1972-12-02,1987-06-05,
Drury1911,LIB,1949-12-10,1975-11-11,
Dubois1940,ALP,1984-12-01,1993-02-08,
Duffy1938,ALP,1980-10-18,1996-01-29,
Duncan1945,ALP,1984-12-01,1996-03-02,
Duncan-Hughes1882,LIB,1922-12-16,1925-01-01,
Duncan-Hughes1882,NAT,1925-01-01,1928-11-17,
Duncan-Hughes1882,UAP,1940-09-21,1943-08-21,
Duthie1912,ALP,1946-09-28,1975-12-13,
Dutton1970,LIB,2001-11-10,,
Easson1955,ALP,1993-03-13,1996-03-02,
Edmonds1903,ALP,1946-09-28,1958-11-22,
Edwards1855,FT,1901-03-29,1906-11-09,
Edwards1855,LIB,1910-04-13,1911-02-04,
Edwards1946,ALP,1998-10-03,2007-10-17,
Edwards1927,LIB,1972-12-02,1993-02-08,
Edwards1842,PROT,1901-03-30,1903-01-01,
Edwards1842,FT,1903-01-01,1906-01-01,
Edwards1842,ANTI-SOC,1906-01-01,1910-01-01,Name change
Edwards1842,LIB,1910-01-01,1913-04-23,
Edwards1945,ALP,1983-03-05,1993-03-13,
Eggins1898,CP,1949-12-10,1952-01-28,
Einfeld1909,ALP,1961-12-09,1963-11-30,
Eldridge1872,ALP,1929-10-12,1931-01-01,
Eldridge1872,LANG LAB,1931-01-01,1931-12-19,
Ellicott1927,LIB,1974-05-18,1981-02-17,
Elliot1967,ALP,2004-10-09,,
Elliott1954,ALP,1990-03-24,1996-03-02,
Ellis1946,ALP,1996-03-02,2010-07-19,
Ellis1977,ALP,2004-10-09,,
Elson1947,LIB,1996-03-02,2007-10-17,
Emerson1954,ALP,1998-10-03,2013-08-05,
Enderby1926,ALP,1970-05-30,1975-12-13,
England1911,CP,1960-11-05,1975-04-30,
England1911,NCP,1975-05-01,1975-11-11,
Entsch1950,LIB,1996-03-02,,
Erwin1917,LIB,1955-12-10,1975-11-11,
Evans1944,ALP,1996-03-02,1999-09-30,
EvansMartyn1953,ALP,1994-03-19,2004-10-09,
EvansRichard1953,LIB,1993-03-13,1998-10-03,
Evans1981,LIB,2016-07-02,,
Evatt1894,ALP,1940-09-21,1960-02-10,
Everingham1923,ALP,1967-09-30,1984-10-26,
Everingham1943,CLP,1984-12-01,1987-06-05,
Ewert1918,ALP,1952-10-18,1954-05-29,
Ewing1856,PROT,1901-03-29,1910-02-19,
Fadden1894,CP,1936-12-19,1958-10-14,
Fahey1945,LIB,1996-03-02,2001-10-08,
Failes1899,CP,1949-12-10,1969-09-29,
Fairbairn1917,LIB,1949-12-10,1975-11-11,
Fairbairn1855,IND PROT,1906-12-12,1910-01-01,
Fairbairn1855,LIB,1910-01-01,1913-05-31,
Fairbairn1897,UAP,1933-11-11,1940-08-13,
Fairhall1909,LIB,1949-12-10,1969-09-29,
Falconer1943,LIB,1975-12-13,1983-03-05,
Falinski1970,LIB,2016-07-02,,
Falkinder1921,LIB,1946-09-28,1966-10-31,
Falkiner1867,LIB,1913-05-31,1914-09-05,
Falkiner1867,NAT,1917-05-05,1919-11-03,
Falstein1914,ALP,1940-09-21,1949-12-10,
Farmer1962,LIB,2001-11-10,2010-07-19,
Fatin1941,ALP,1983-03-05,1996-01-29,
Fawcett1963,LIB,2004-10-09,2007-11-24,
Feeney1970,ALP,2013-09-07,2018-02-01,
Fenton1864,ALP,1910-04-13,1931-01-01,
Fenton1864,UAP,1931-01-01,1934-09-15,
Ferguson1952,ALP,1990-03-24,2016-05-09,
Ferguson1953,ALP,1996-03-02,2013-08-05,
Ferguson1974,LIB,2004-10-09,2007-11-24,
Fife1929,LIB,1975-12-13,1993-02-08,
Filing1955,LIB,1990-03-24,1995-06-01,
Filing1955,IND,1995-06-01,1998-10-03,
Finlayson1867,ALP,1910-04-13,1919-12-13,
Fischer1946,NPA,1984-12-01,2001-10-08,
Fisher1862,ALP,1901-03-30,1915-10-26,
Fisher1936,CP,1972-12-02,1975-04-30,
Fisher1936,NCP,1975-05-01,1982-10-01,
Fisher1936,NPA,1982-10-01,1993-02-08,
Fisken1897,UAP,1934-09-15,1937-09-21,
Fitzgerald1912,ALP,1949-12-10,1955-12-10,
Fitzgibbon1936,ALP,1984-12-01,1996-01-29,
Fitzgibbon1962,ALP,1996-03-02,,
FitzPatrick1915,ALP,1969-10-25,1980-09-19,
Fleming1874,LIB,1913-05-31,1917-02-17,
Fleming1874,NAT,1917-02-17,1919-01-01,
Fleming1874,NAT & FARMERS,1919-01-01,1921-01-01,
Fleming1874,CP,1921-01-01,1922-12-16,
Fletcher1965,LIB,2009-12-05,,
Flint1978,LIB,2016-07-02,,
Foley1873,NAT,1920-12-18,1922-12-16,
Forbes1923,LIB,1956-10-13,1975-11-11,
Ford1936,LIB,1990-03-24,1993-03-13,
Forde1890,ALP,1922-12-16,1931-01-01,
Forde1890,FLP,1931-01-01,1936-01-01,
Forde1890,ALP,1936-01-01,1946-09-28,
Forrest1847,PROT,1901-03-29,1906-01-01,
Forrest1847,WAP,1906-01-01,1910-01-01,
Forrest1847,LIB,1910-01-01,1917-02-17,
Forrest1847,NAT,1917-02-17,1918-09-02,
Forrest1949,NPA,1993-03-13,2003-10-01,
Forrest1949,NP,2003-10-01,2013-08-05,
Foster1872,ALP,1906-12-12,1913-05-31,
Foster1921,ALP,1969-10-25,1972-12-02,
Foster1856,ANTI-SOC,1909-08-28,1910-01-01,
Foster1856,LIB,1910-01-01,1917-02-17,
Foster1856,NAT,1917-02-17,1922-01-01,
Foster1856,LIB,1922-01-01,1925-01-01,
Foster1856,NAT,1925-01-01,1928-11-17,
Fowler1865,ALP,1901-03-29,1910-01-01,
Fowler1865,LIB,1910-01-01,1917-02-17,
Fowler1865,NAT,1917-02-17,1922-12-16,
Fox1912,LIB,1955-12-10,1974-05-18,
Foxton1849,ANTI-SOC,1906-12-12,1910-04-13,
Francis1881,IND NAT,1919-12-13,1922-01-01,
Francis1881,NAT,1922-01-01,1925-10-03,
Francis1873,NAT,1925-11-14,1929-10-12,
Francis1890,NAT,1922-12-16,1931-01-01,
Francis1890,UAP,1931-01-01,1941-01-01,
Francis1890,LIB,1941-01-01,1955-11-04,
Fraser1902,ALP,1943-08-21,1972-11-02,
Fraser1908,ALP,1951-04-28,1970-04-01,
Fraser1930,LIB,1955-12-10,1983-03-31,
Frazer1880,ALP,1903-12-16,1913-11-25,
Free1943,ALP,1980-10-18,1996-03-02,
Freelander1953,ALP,2016-07-02,,
Freeth1914,LIB,1949-12-10,1969-10-25,
Frost1881,ALP,1929-12-14,1931-12-19,
Frost1881,FLP,1934-09-15,1936-01-01,
Frost1881,ALP,1936-01-01,1946-09-28,
Fry1920,ALP,1974-05-18,1984-10-26,
Frydenberg1971,LIB,2010-08-21,,
Fuller1893,ALP,1943-08-21,1963-11-30,
Fuller1861,FT,1901-03-29,1906-01-01,
Fuller1861,ANTI-SOC,1906-01-01,1910-01-01,Name change
Fuller1861,LIB,1910-01-01,1913-05-31,
Fulton1909,ALP,1958-11-22,1975-11-11,
Fysh1835,FT,1901-03-29,1903-12-16,
Fysh1835,PROT,1903-12-16,1906-01-01,
Fysh1835,ANTI-SOC,1906-01-01,1910-02-19,Name change
Gabb1882,ALP,1919-12-13,1931-01-01,
Gabb1882,UAP,1931-01-01,1934-08-07,
Gaha1894,ALP,1943-08-21,1949-10-31,
Gallus1943,LIB,1990-03-24,2004-08-31,
Galvin1911,ALP,1951-04-28,1966-11-26,
Gambaro1958,LIB,1996-03-02,2016-05-09,
Gander1888,LANG LAB,1931-12-19,1936-01-01,
Gander1888,ALP,1936-01-01,1940-01-01,
Gander1888,ALP (N-C),1940-01-01,1940-09-21,
Garden1882,LANG LAB,1934-09-15,1936-01-01,
Garden1882,ALP,1936-01-01,1937-09-21,
Gardner1884,NAT,1922-12-16,1931-01-01,
Gardner1884,UAP,1931-01-01,1940-09-21,
Garland1934,LIB,1969-04-19,1981-01-22,
Garrett1953,ALP,2004-10-09,2013-08-05,
Garrick1918,ALP,1969-10-25,1977-11-10,
Gash1944,LIB,1996-03-02,2013-08-05,
Gayler1943,ALP,1983-03-05,1993-02-08,
Gear1947,ALP,1983-03-05,1996-03-02,
Gee1968,NP,2016-07-02,,
Gellibrand1872,NAT,1925-11-14,1928-11-17,
Georganas1959,ALP,2004-10-09,,
George1947,ALP,2001-11-10,2010-07-19,
Georgiou1947,LIB,1994-11-19,2010-07-19,
Gerick1963,ALP,1998-10-03,2001-11-10,
Gibb1843,FT,1903-12-16,1906-12-12,
Gibbons1887,ALP,1929-10-12,1931-12-19,
Gibbons1949,ALP,1998-10-03,2013-08-05,
Gibbs1922,LIB,1963-11-30,1969-10-25,
Gibson1935,LIB,1964-02-15,1969-09-29,
Gibson1954,ALP,1990-03-24,1996-03-02,
Gibson1869,FU,1918-12-14,1919-01-01,
Gibson1869,VFU,1919-01-01,1920-01-01,
Gibson1869,CP,1920-01-01,1934-08-07,
Giles1973,ALP,2013-09-07,,
Giles1923,LIB,1964-06-20,1983-02-04,
Gillard1961,ALP,1998-10-03,2013-08-05,
Gillard1920,LIB,1975-12-13,1980-10-18,
Gillespie1957,NP,2013-09-07,,
Gilmore1908,CP,1949-12-10,1951-04-28,
Glynn1855,FT,1901-03-30,1906-01-01,
Glynn1855,ANTI-SOC,1906-01-01,1910-01-01,Name change
Glynn1855,LIB,1910-01-01,1917-02-17,
Glynn1855,NAT,1917-02-17,1919-12-13,
Goodenough1975,LIB,2013-09-07,,
Goodluck1933,LIB,1975-12-13,1993-02-08,
Gordon1865,LIB,1911-11-11,1913-05-31,
Gorman1984,ALP,2018-07-28,,
Gorman1926,ALP,1983-03-05,1996-01-29,
Gorton1911,LIB,1968-02-24,1975-05-01,
Gorton1911,IND,1975-05-01,1975-11-11,
Gosling1971,ALP,2016-07-02,,
Grace1931,ALP,1984-12-01,1998-08-31,
Grace1940,LIB,1996-03-02,1998-10-03,
Graham1919,LIB,1949-12-10,1980-09-19,
Grassby1926,ALP,1969-10-25,1974-05-18,
Gray1958,ALP,2007-11-24,2016-07-02,
Gray1908,ALP,1961-12-09,1967-08-02,
Grayden1920,LIB,1949-12-10,1954-05-29,
Green1869,ALP,1922-12-16,1931-01-01,
Green1869,FLP,1931-01-01,1936-01-01,
Green1869,ALP,1936-01-01,1940-10-02,
Green1885,CP,1922-12-16,1937-10-23,
Greenup1915,ALP,1953-05-09,1955-11-04,
Gregory1860,LIB,1913-05-31,1917-02-17,
Gregory1860,NAT,1917-02-17,1920-01-01,
Gregory1860,CP,1920-01-01,1940-11-15,
Grierson1951,ALP,2001-11-10,2013-08-05,
Griffin1960,ALP,1993-03-13,2016-05-09,
Griffiths1952,ALP,1983-03-05,1996-01-29,
Griffiths1903,ALP,1949-12-10,1972-11-02,
Griggs1969,CLP,2010-08-21,2016-07-02,
Groom1852,FT,1901-03-29,1903-11-23,
Groom1867,PROT,1901-09-14,1910-01-01,
Groom1867,LIB,1910-01-01,1917-02-17,
Groom1867,NAT,1917-02-17,1929-10-12,
Groom1867,IND,1931-12-19,1934-01-01,
Groom1867,UAP,1934-01-01,1936-11-06,
Groom1944,LIB,1975-12-13,1984-10-26,
Groom1833,PROT,1901-03-30,1901-08-08,
Gullett1914,LIB,1946-03-30,1955-11-04,
Gullett1878,NAT,1925-11-14,1931-01-01,
Gullett1878,UAP,1931-01-01,1931-01-01,
Gun1936,ALP,1969-10-25,1975-12-13,
Guy1890,ALP,1929-10-12,1931-01-01,
Guy1890,UAP,1931-01-01,1944-01-01,
Guy1890,LIB,1944-01-01,1946-09-28,
Haase1945,LIB,1998-10-03,2013-08-05,
Hadley1893,ALP,1943-08-21,1949-12-10,
Halbert1910,LIB,1958-11-22,1961-12-09,
Hale1969,ALP,2007-11-24,2010-08-21,
Hall1874,ALP,1906-12-12,1912-04-01,
Hall1949,ALP,1998-10-03,2016-05-09,
Hall1928,LIB,1981-02-21,1996-01-29,
Hallett1917,CP,1963-11-30,1974-05-18,
Halverson1937,LIB,1984-12-01,1998-08-31,
Hamer1923,LIB,1969-10-25,1977-11-10,
Hamilton1899,CP,1946-09-28,1961-11-02,
Hammond1975,ALP,2016-07-02,2018-05-10,
Hampson1865,ALP,1915-02-06,1917-05-05,
Hand1942,ALP,1983-03-05,1993-02-08,
Handby1903,LIB,1949-12-10,1951-04-28,
Hannan1873,ALP,1913-05-31,1917-05-05,
Hansen1922,ALP,1961-12-09,1974-05-18,
Hanson1954,IND,1996-03-02,1997-06-01,
Hanson1954,PHON,1997-06-01,1998-10-03,
Hardgrave1960,LIB,1996-03-02,2007-11-24,
Harding1921,ALP,1961-12-09,1966-11-26,
Harper1842,PROT,1901-03-29,1910-01-01,
Harper1842,LIB,1910-01-01,1913-04-23,
Harris1937,LIB,1980-10-18,1983-03-05,
Harrison1903,ALP,1949-12-10,1969-09-29,
Harrison1880,UAP,1931-12-19,1937-09-21,
Harrison1892,UAP,1931-12-19,1944-01-01,
Harrison1892,LIB,1944-01-01,1956-10-17,
Hart1960,ALP,2016-07-02,2019-05-18,
Hartnoll1841,FT,1902-03-26,1903-12-16,
Hartsuyker1959,NPA,2001-11-10,2003-10-01,
Hartsuyker1959,NP,2003-10-01,,
Harvey1946,ALP,1987-07-11,1990-03-24,
Haslem1939,LIB,1975-12-13,1980-10-18,
Hasluck1905,LIB,1949-12-10,1969-02-10,
Hastie1982,LIB,2015-09-19,,
Hatton1951,ALP,1996-06-15,2007-10-17,
Haviland1952,ALP,1993-03-13,1996-01-29,
Hawke1977,LIB,2007-11-24,,
Hawke1929,ALP,1980-10-18,1992-02-20,
Hawker1894,NAT,1929-10-12,1931-01-01,
Hawker1894,UAP,1931-01-01,1938-10-25,
Hawker1949,LIB,1983-05-07,2010-07-19,
Haworth1905,LIB,1949-12-10,1969-09-29,
Hay1865,NAT & FARMERS,1919-12-13,1920-01-01,
Hay1865,CP,1920-01-01,1922-10-01,
Hay1865,IND,1922-10-01,1922-12-16,
Hayden1933,ALP,1961-12-09,1988-08-17,
Hayes1955,ALP,2005-03-19,,
Haylen1899,ALP,1943-08-21,1963-11-30,
Hedges1856,WAP,1906-12-12,1910-01-01,
Hedges1856,LIB,1910-01-01,1913-05-31,
Heitmann1878,NAT,1917-05-05,1919-12-13,
Henderson1964,LIB,2013-09-07,2019-05-18,
Hendy1962,LIB,2013-09-07,2016-07-02,
Henry1946,LIB,2004-10-09,2007-11-24,
Henzell1948,ALP,1993-03-13,1996-03-02,
Hewson1914,CP,1972-12-02,1975-05-01,
Hewson1914,NCP,1975-05-01,1975-12-13,
Hewson1946,LIB,1987-07-11,1995-02-28,
Hicks1940,NCP,1980-10-18,1982-10-01,
Hicks1940,NPA,1982-10-01,1998-08-31,
Higgins1851,PROT,1901-03-29,1906-10-13,
Higgs1862,ALP,1910-04-13,1920-01-15,
Higgs1862,IND 1920,1920-01-15,1920-09-01,
Higgs1862,NAT,1920-09-01,1922-12-16,
Hill1973,ALP,2016-07-02,,
Hill1866,VFU,1919-09-20,1920-01-01,
Hill1866,CP,1920-01-01,1934-08-07,
Hoare1963,ALP,1998-10-03,2007-10-17,
Hockey1965,LIB,1996-03-02,2015-10-23,
Hodges1937,LIB,1974-05-18,1987-07-11,
Hodgman1938,LIB,1975-12-13,1987-07-11,
Hogan1963,NP,2013-09-07,,
Holder1850,FT,1901-03-30,1903-12-16,
Holder1850,PROT,1903-12-16,1906-01-01,ABD says he was an independent.
Holder1850,ANTI-SOC,1906-01-01,1909-07-23,Name change
Holding1931,ALP,1977-12-10,1998-08-31,
Hollis1938,ALP,1983-03-05,2001-10-08,
Holloway1875,ALP,1929-10-12,1931-12-19,
Holloway1875,FLP,1931-12-19,1936-01-01,
Holloway1875,ALP,1936-01-01,1951-03-19,
Holman1871,UAP,1931-12-19,1934-06-05,
Holt1908,UAP,1935-08-17,1944-01-01,
Holt1908,LIB,1944-01-01,1967-12-19,
Holt1914,ALP,1955-12-10,1958-10-14,
Holten1922,CP,1958-11-22,1975-04-30,
Holten1922,NCP,1975-05-01,1977-12-10,
Horne1939,ALP,1993-03-13,2001-11-10,
Howard1939,LIB,1974-05-18,2007-11-24,
Howarth1972,LIB,2013-09-07,,
Howe1936,ALP,1977-12-10,1996-01-29,
Howe1861,ALP,1910-04-13,1915-04-02,
Howroyd1867,NAT,1917-05-05,1917-05-10,
Howse1913,LIB,1946-09-28,1960-09-28,
Howse1863,NAT,1922-12-16,1929-10-12,
Howson1919,LIB,1955-12-10,1972-12-02,
Hughes1923,LIB,1963-11-30,1972-11-02,
Hughes1862,ALP,1901-03-29,1917-05-05,
Hughes1862,NAT,1917-05-05,1929-05-01,
Hughes1862,IND NAT,1929-05-01,1931-05-01,
Hughes1862,UAP,1931-05-01,1944-05-01,
Hughes1862,LIB,1944-05-01,1952-10-28,
Hull1954,NPA,1998-10-03,2003-10-01,
Hull1954,NP,2003-10-01,2010-07-19,
Hulls1957,ALP,1990-03-24,1993-03-13,
Hulme1907,LIB,1949-12-10,1972-11-02,
Humphreys1934,ALP,1977-12-10,1996-01-29,
Hunt1965,LIB,2001-11-10,,
Hunt1928,CP,1969-06-07,1975-04-30,
Hunt1928,NCP,1975-05-01,1982-10-01,
Hunt1928,NPA,1982-10-01,1989-02-24,
Hunter1882,CP,1921-07-30,1940-08-27,
Hurford1931,ALP,1969-10-25,1987-12-31,
Hurry1868,NAT,1922-12-16,1929-10-12,
Husar1980,ALP,2016-07-02,,
Husic1970,ALP,2010-08-21,,
Hutchin1887,UAP,1931-12-19,1934-09-15,
Hutchinson1965,LIB,2013-09-07,2016-07-02,
Hutchinson1904,UAP,1931-12-19,1944-01-01,
Hutchinson1904,LIB,1944-01-01,1949-10-31,
Hutchison1859,ALP,1903-12-16,1909-12-06,
Hyde1936,LIB,1974-05-18,1983-03-05,
Innes1925,ALP,1972-12-02,1983-02-04,
Irons1958,LIB,2007-11-24,,
Irvine1857,ANTI-SOC,1906-12-12,1910-01-01,
Irvine1857,LIB,1910-01-01,1914-09-05,
Irvine1858,ANTI-SOC,1906-12-12,1910-01-01,
Irvine1858,LIB,1910-01-01,1917-02-17,
Irvine1858,NAT,1917-02-17,1918-04-05,
Irwin1951,ALP,1998-10-03,2010-07-19,
Irwin1898,LIB,1963-11-30,1972-12-02,
Isaacs1855,PROT,1901-03-29,1906-10-12,
Jack1892,LIB,1949-12-10,1966-10-31,
Jackson1889,NAT,1919-12-13,1929-10-12,
Jackson1962,ALP,2001-11-10,2010-08-21,
Jacobi1928,ALP,1969-10-25,1987-06-05,
Jakobsen1947,ALP,1984-12-01,1993-03-13,
James1914,ALP,1960-04-09,1980-09-19,
James1885,ALP,1928-11-17,1931-01-01,
James1885,LANG LAB,1931-01-01,1936-01-01,
James1885,ALP,1936-01-01,1958-10-14,
Jarman1923,LIB,1966-11-26,1983-03-05,
Jeanes1958,LIB,1996-03-02,1998-10-03,
Jenkins1925,ALP,1969-10-25,1985-12-20,
Jenkins1952,ALP,1986-02-08,2013-08-05,
Jennings1878,UAP,1931-12-19,1940-09-21,
Jensen1962,LIB,2004-10-09,2016-07-02,
Jensen1865,ALP,1910-04-13,1917-02-17,
Jensen1865,NAT,1917-02-17,1919-12-13,
Jess1922,LIB,1960-04-09,1972-12-02,
Jessop1927,LIB,1966-11-26,1969-10-25,
Johns1952,ALP,1987-07-11,1996-03-02,
Johnson1889,ALP,1940-11-16,1958-10-14,
Johnson1929,ALP,1969-10-25,1980-09-19,
Johnson1924,ALP,1955-12-10,1983-12-19,
Johnson1970,LIB,2001-11-10,2010-05-01,
Johnson1970,IND,2010-05-01,2010-08-21,
Johnson1943,LIB,1975-12-13,1980-10-18,
Johnson1862,FT,1903-12-16,1906-01-01,
Johnson1862,ANTI-SOC,1906-01-01,1910-01-01,Name change
Johnson1862,LIB,1910-01-01,1917-02-17,
Johnson1862,NAT,1917-02-17,1928-11-17,
Johnson1871,ALP,1910-04-13,1913-05-31,
Johnston1930,LIB,1977-12-10,1980-10-18,
Johnston1943,LIB,1996-03-02,1998-10-03,
Jolley1874,ALP,1914-09-05,1915-01-01,
Jolly1882,UAP,1937-10-23,1943-08-21,
Jones1944,LIB,1966-11-26,1969-10-25,
Jones1932,ALP,1977-12-10,1998-08-31,
Jones1917,ALP,1958-11-22,1983-02-04,
Jones1960,LIB,2010-08-21,2016-07-02,
Jones1878,ALP,1928-11-17,1931-12-19,
Jones1965,ALP,2010-08-21,,
Joshua1906,ALP,1951-04-28,1955-04-01,
Joshua1906,ALP (A-C),1955-04-01,1955-12-10,
Joske1895,LIB,1951-07-28,1960-06-02,
Jowett1858,NAT,1917-10-27,1919-01-01,
Jowett1858,VFU,1919-01-01,1920-01-01,
Jowett1858,CP,1920-01-01,1922-12-16,
Joyce1967,NP,2013-09-07,,
Jull1944,LIB,1975-12-13,2007-10-17,
Katter1945,NPA,1993-03-13,2001-07-01,
Katter1945,IND,2001-07-01,,
Katter1918,CP,1966-11-26,1975-05-01,
Katter1918,NCP,1975-05-01,1982-10-01,
Katter1918,NPA,1982-10-01,1990-02-19,
Keane1882,ALP,1929-10-12,1931-12-19,
Kearney1963,ALP,2018-03-17,,
Kearney1903,ALP,1956-04-11,1963-11-01,
Keating1944,ALP,1969-10-25,1996-04-23,
Keay1975,ALP,2016-07-02,2019-05-18,
Keenan1972,LIB,2004-10-09,,
Kekwick1910,LIB,1949-12-10,1954-05-29,
Kelly1912,LIB,1958-11-22,1977-11-10,
Kelly1963,LIB,2010-08-21,,
Kelly1954,NPA,1996-03-02,2003-10-01,
Kelly1954,NP,2003-10-01,2007-11-24,
Kelly1964,LIB,1996-03-02,2007-10-17,
Kelly1960,ALP,2007-11-24,,
Kelly1948,ALP,1980-10-18,1995-01-30,
Kelly1877,FT,1903-12-16,1906-01-01,
Kelly1877,ANTI-SOC,1906-01-01,1910-01-01,Name change
Kelly1877,LIB,1910-01-01,1917-02-17,
Kelly1877,NAT,1917-02-17,1919-11-03,
Kemp1941,LIB,1990-03-24,2004-08-31,
Kendell1851,LIB,1913-05-31,1914-09-05,
Kennedy1940,ALP,1969-06-07,1972-12-02,
Kennedy1860,PROT,1901-03-29,1906-12-12,
Kent Hughes1895,LIB,1949-12-10,1970-07-31,
Kent1927,ALP,1980-10-18,1990-03-24,
Keogh1931,ALP,1969-10-25,1987-06-05,
Keogh1981,ALP,2016-07-02,,
Keon1915,ALP,1949-12-10,1955-04-01,
Keon1915,ALP (A-C),1955-04-01,1955-12-10,
Kerby1885,NAT,1919-12-13,1920-06-02,
Kerin1937,ALP,1972-12-02,1993-12-22,
Kernot1948,ALP,1998-10-03,2001-11-10,
Kerr1952,ALP,1987-07-11,2010-07-19,
Khalil1973,ALP,2016-07-02,,
Killen1925,LIB,1955-12-10,1983-08-15,
Killen1860,CP,1922-12-16,1931-11-27,
King1966,ALP,2001-11-10,,
King1973,ALP,2016-07-02,,
King1952,LIB,2001-11-10,2004-09-01,
King1952,IND,2004-09-01,2004-10-09,
King1920,CP,1958-11-22,1975-05-01,
King1920,NCP,1975-05-01,1977-11-10,
Kingston1850,PROT,1901-03-30,1908-05-11,
Kirwan1937,ALP,1969-10-25,1972-12-02,
Kirwan1869,FT,1901-03-29,1903-12-16,
Klugman1924,ALP,1969-10-25,1990-02-19,
Knott1956,ALP,1993-03-13,1996-03-02,
Knox1850,FT,1901-03-29,1906-01-01,
Knox1850,ANTI-SOC,1906-01-01,1910-01-01,Name change
Knox1850,LIB,1910-01-01,1910-07-26,
Lacey1887,ALP,1922-12-16,1931-12-19,
Lamb1939,ALP,1972-12-02,1990-03-24,
Lamb1972,ALP,2016-07-02,2019-05-18,
Lambert1885,ALP,1921-09-03,1928-09-06,
Laming1966,LIB,2004-10-09,,
Lamond1865,NAT,1917-05-05,1922-12-16,
Landry1962,NP,2013-09-07,,
Lane1873,UAP,1931-12-19,1940-09-21,
Lang1876,LANG LAB,1946-09-28,1948-01-01,
Lang1876,ALP (N-C),1948-01-01,1949-12-10,
Langmore1939,ALP,1984-12-01,1996-12-06,
Langtry1880,ALP,1940-09-21,1949-12-10,
Latham1877,LIB,1922-12-16,1925-01-01,
Latham1877,NAT,1925-01-01,1931-01-01,
Latham1877,UAP,1931-01-01,1934-08-07,
Latham1961,ALP,1994-01-29,2005-01-21,
Laundy1971,LIB,2013-09-07,,
Lavarch1961,ALP,1987-07-11,1996-03-02,
Lavelle1887,ALP,1919-12-13,1922-12-16,
Lawler1961,NPA,1998-10-03,2001-10-08,
Lawrence1948,ALP,1994-03-12,2007-10-17,
Lawrence1906,LIB,1949-12-10,1958-11-22,
Lawson1880,FLP,1931-12-19,1936-01-01,
Lawson1880,ALP,1936-01-01,1961-11-02,
Lawson1897,UAP,1931-12-19,1940-09-21,
Lazzarini1894,ALP,1919-12-13,1931-12-19,
Lazzarini1894,LANG LAB,1934-09-15,1936-01-01,
Lazzarini1894,ALP,1936-01-01,1952-10-01,
Leckie1872,NAT,1917-05-05,1919-12-13,
Lee1856,FT,1903-12-16,1906-12-12,
Lee1920,LIB,1966-11-26,1969-10-25,
Lee1957,ALP,1984-12-01,2001-11-10,
Leeser1976,LIB,2016-07-02,,
Leigh1972,ALP,2010-08-21,,
Lemmon1908,ALP,1943-08-21,1955-12-10,
Leslie1900,CP,1949-12-10,1963-11-01,
Lewis1882,ALP,1929-10-12,1931-12-19,
Ley1961,LIB,2001-11-10,,
Ley1879,NAT,1925-11-14,1928-11-17,
Liddell1862,FT,1903-12-16,1906-01-01,
Liddell1862,ANTI-SOC,1906-01-01,1910-04-13,Name change
Lieberman1938,LIB,1993-03-13,2001-10-08,
Lindsay1942,ALP,1983-03-05,1996-03-02,
Lindsay1944,LIB,1996-03-02,2010-07-19,
Lindsay1905,LIB,1954-05-29,1966-10-31,
Lister1875,NAT,1917-05-05,1929-10-12,
Littleproud1976,NAT,2016-07-02,,
Livermore1969,ALP,1998-10-03,2013-08-05,
Livingston1856,ANTI-SOC,1906-12-12,1910-01-01,
Livingston1856,LIB,1910-01-01,1917-02-17,
Livingston1856,NAT,1917-02-17,1922-11-06,
Lloyd1937,CP,1971-03-20,1975-05-01,
Lloyd1937,NCP,1975-05-01,1982-10-01,
Lloyd1937,NPA,1982-10-01,1996-01-29,
Lloyd1954,LIB,1996-03-02,2007-11-24,
Long1885,ALP,1928-11-17,1931-12-19,
Lonsdale1843,FT,1903-12-16,1906-12-12,
Luchetti1904,ALP,1951-07-28,1975-11-11,
Luck1900,LIB,1951-04-28,1958-11-22,
Lucock1916,CP,1952-03-22,1975-05-01,
Lucock1916,NCP,1975-05-01,1980-09-19,
Lusher1945,CP,1974-05-18,1975-05-01,
Lusher1945,NCP,1975-05-01,1982-10-01,
Lusher1945,NPA,1982-10-01,1984-12-01,
Lynch1862,ALP,1914-09-05,1917-02-17,
Lynch1862,NAT,1917-02-17,1919-12-13,
Lynch1933,LIB,1966-11-26,1982-10-22,
Lyne1844,PROT,1901-03-29,1910-01-01,
Lyne1844,IND,1910-01-01,1913-05-31,
Lyons1897,UAP,1943-08-21,1944-01-01,
Lyons1897,LIB,1944-01-01,1951-03-19,
Lyons1953,ALP,2010-08-21,2013-09-07,
Lyons1879,ALP,1929-10-12,1931-01-01,
Lyons1879,UAP,1931-01-01,1939-04-07,
McArthur1937,LIB,1984-02-18,2007-11-24,
McBride1975,ALP,2016-07-02,,
McBride1892,UAP,1931-12-19,1937-09-21,
McBride1892,LIB,1946-09-28,1951-01-01,
McBride1892,LCL,1951-01-01,1954-01-01,
McBride1892,LIB,1954-01-01,1958-10-14,
McCall1908,UAP,1934-09-15,1943-08-21,
McCay1864,PROT,1901-03-29,1906-12-12,
McClelland1875,CP,1931-12-19,1934-01-01,
McClelland1875,AUST CP,1934-01-01,1937-10-23,
McClelland1958,ALP,1996-03-02,2013-08-05,
McColl1844,PROT,1901-03-29,1906-11-05,
McColm1914,LIB,1949-12-10,1961-12-09,
McCormack1964,NP,2010-08-21,,
McDonald1888,UAP,1940-09-21,1944-01-01,
McDonald1888,LIB,1944-01-01,1953-06-10,
McDonald1861,ALP,1901-03-30,1925-11-13,
McDonald1872,ALP,1922-12-16,1925-11-14,
McDougall1946,LIB,1996-03-02,1998-10-03,
McDougall1867,ALP,1906-12-12,1913-05-31,
McEacharn1852,PROT,1901-03-29,1903-12-16,
McEwen1900,CP,1934-09-15,1940-01-01,
McEwen1900,LCL,1940-01-01,1943-01-01,
McEwen1900,CP,1943-01-01,1971-02-01,
McFarlane1944,ALP,1998-10-03,2004-10-09,
McGauran1955,NPA,1983-03-05,2003-10-01,
McGauran1955,NP,2003-10-01,2008-04-09,
McGowan1953,IND,2013-09-07,,
McGrath1873,ALP,1913-05-31,1931-01-01,
McGrath1873,UAP,1931-01-01,1934-07-31,
McGuren1909,ALP,1961-12-09,1963-11-30,
McHugh1934,ALP,1983-03-05,1996-01-29,
McHugh1892,ALP,1938-12-10,1940-09-21,
McIvor1900,ALP,1955-12-10,1972-11-02,
McKenzie1933,ALP,1972-12-02,1975-12-13,
McKew1953,ALP,2007-11-24,2010-08-21,
McLachlan1936,LIB,1990-03-24,1998-08-31,
McLean1840,PROT,1901-03-29,1906-12-12,
McLean1863,FT,1901-03-29,1903-11-23,
McLean1944,LIB,1975-12-13,1983-03-05,
McLeay1893,LIB,1949-12-10,1951-01-01,
McLeay1893,LCL,1951-01-01,1954-01-01,
McLeay1893,LIB,1954-01-01,1966-10-31,
McLeay1922,LIB,1966-11-26,1981-01-22,
McLeay1945,ALP,1979-06-23,2004-08-31,
McLeod1892,ALP,1940-09-21,1955-11-04,
McMahon1930,ALP,1975-12-13,1983-02-04,
McMahon1908,LIB,1949-12-10,1982-01-04,
McMillan1850,FT,1901-03-29,1903-11-23,
McMullan1947,ALP,1996-03-02,2010-07-19,
McNamara1964,LIB,2013-09-07,2016-07-02,
McNeill1868,ALP,1922-12-16,1931-12-19,
McNeill1921,LIB,1961-12-09,1963-11-30,
McNicoll1877,CP,1931-12-19,1934-08-02,
McTiernan1892,ALP,1929-10-12,1930-12-19,
McVeigh1930,CP,1972-12-02,1975-05-01,
McVeigh1930,NCP,1975-05-01,1982-10-01,
McVeigh1930,NPA,1982-10-01,1988-02-29,
McVeigh1965,LIB,2016-07-02,,
McWilliams1860,REV TAR,1903-12-16,1906-01-01,
McWilliams1860,ANTI-SOC,1906-01-01,1910-01-01,Name change
McWilliams1860,LIB,1910-01-01,1917-02-17,
McWilliams1860,NAT,1917-02-17,1920-01-01,
McWilliams1860,CP,1920-01-01,1922-12-16,
McWilliams1860,IND,1928-11-17,1929-10-22,
Macdonald-Paterson1844,FT,1901-03-30,1903-12-16,
Macfarlane1955,LIB,1998-10-03,2016-05-09,
Mack1933,IND,1990-03-24,1996-01-29,
Mackay1872,NAT,1917-05-05,1931-01-01,
Mackay1872,UAP,1931-01-01,1934-08-07,
Mackay1919,LIB,1963-11-30,1972-12-02,
MacKellar1938,LIB,1969-10-25,1994-02-18,
MacKenzie1941,NCP,1975-12-13,1982-10-01,
MacKenzie1941,NPA,1982-10-01,1983-03-05,
MacKinnon1903,LIB,1949-12-10,1966-10-31,
Macklin1953,ALP,1996-03-02,,
Macphee1938,LIB,1974-05-18,1990-02-19,
MacTiernan1953,ALP,2013-09-07,2016-05-09,
Maher1936,ALP,1982-03-13,1987-07-11,
Mahon1857,ALP,1901-03-29,1920-11-12,
Mahoney1892,FLP,1934-09-15,1936-01-01,
Mahoney1892,ALP,1936-01-01,1940-09-21,
Mahony1877,ALP,1915-05-06,1927-01-18,
Maisey1915,CP,1963-11-30,1974-05-18,
Makin1889,ALP,1919-12-13,1931-01-01,
Makin1889,FLP,1931-01-01,1936-01-01,
Makin1889,ALP,1936-01-01,1963-11-01,
Maloney1854,ALP,1904-03-30,1931-01-01,
Maloney1854,FLP,1931-01-01,1936-01-01,
Maloney1854,ALP,1936-01-01,1940-08-27,
Manifold1867,PROT,1901-03-29,1903-12-23,
Manifold1867,LIB,1913-05-31,1917-02-17,
Manifold1867,NAT,1917-02-17,1918-10-23,
Mann1874,NAT,1922-12-16,1929-10-12,
Manning1872,NAT,1922-12-16,1928-11-17,
Marek1964,NPA,1996-03-02,1998-10-03,
Marino1954,LIB,2007-11-24,,
Marks1875,NAT,1919-12-13,1929-01-01,
Marks1875,IND NAT,1929-01-01,1931-12-19,
Markus1958,LIB,2004-10-09,2016-07-02,
Marles1967,ALP,2007-11-24,,
Marr1880,NAT,1919-12-13,1931-01-01,
Marr1880,UAP,1931-01-01,1943-08-21,
Martens1874,ALP,1928-11-17,1931-01-01,
Martens1874,FLP,1931-01-01,1936-01-01,
Martens1874,ALP,1936-01-01,1946-08-16,
Martin1948,ALP,1984-12-01,2002-08-16,
Martin1920,ALP,1969-10-25,1980-09-19,
Martyr1932,LIB,1975-12-13,1980-10-18,
Marwick1895,CP,1940-12-21,1943-08-21,
Massy-Greene1874,LIB,1910-04-13,1917-02-17,
Massy-Greene1874,NAT,1917-02-17,1922-12-16,
Matheson1958,LIB,2010-08-21,2016-07-02,
Mathews1935,ALP,1972-12-02,1975-12-13,
Mathews1865,ALP,1906-12-12,1931-11-27,
Mauger1857,PROT,1901-03-29,1910-04-13,
Maxwell1859,NAT,1917-05-05,1929-01-01,
Maxwell1859,IND NAT,1929-01-01,1931-01-01,
Maxwell1859,UAP,1931-01-01,1935-06-25,
May1950,LIB,1998-10-03,2010-07-19,
Mayer1932,ALP,1983-03-05,1987-07-11,
Melham1954,ALP,1990-03-24,2013-09-07,
Menzies1894,UAP,1934-09-15,1944-01-01,
Menzies1894,LIB,1944-01-01,1966-02-17,
Mildren1932,ALP,1980-10-18,1990-03-24,
Miles1947,LIB,1984-12-01,1998-10-03,
Millar1925,CP,1974-05-18,1975-05-01,
Millar1925,NCP,1975-05-01,1982-10-01,
Millar1925,NPA,1982-10-01,1990-02-19,
Milton1928,ALP,1980-10-18,1990-03-24,
Minogue1893,ALP,1949-12-10,1969-06-26,
Mirabella1968,LIB,2001-11-10,2013-09-07,
MitchellBrian1967,ALP,2016-07-02,,
MitchellRobert1967,ALP,2010-08-21,,
Moloney1876,ALP,1910-04-13,1931-12-19,
Monaghan1921,ALP,1961-12-09,1963-11-30,
Moore1936,LIB,1975-12-13,2001-02-05,
Morgan1881,NAT,1929-10-12,1931-12-19,
Morgan1897,ALP,1940-09-21,1958-11-22,
Morris1940,ALP,1983-03-05,2001-10-08,
Morris1932,ALP,1972-12-02,1998-08-31,
Morrison1968,LIB,2007-11-24,,
Morrison1928,ALP,1969-10-25,1984-10-26,
Mortimer1913,ALP,1963-06-01,1966-11-26,
Morton1981,LIB,2016-07-02,,
Mossfield1935,ALP,1996-03-02,2004-08-31,
Mountford1933,ALP,1980-10-18,1990-02-19,
Mountjoy1906,ALP,1943-08-21,1946-09-28,
Moylan1944,LIB,1993-03-13,2013-08-05,
Mulcahy1882,LANG LAB,1934-09-15,1936-01-01,
Mulcahy1882,ALP,1936-01-01,1940-01-01,
Mulcahy1882,ALP (N-C),1940-01-01,1943-01-01,
Mulcahy1882,ALP,1943-01-01,1953-07-13,
Mulder1928,ALP,1972-12-02,1975-12-13,
Mullens1896,ALP,1949-12-10,2055-12-10,
Munro1930,LIB,1966-11-26,1969-10-25,
Murphy1950,ALP,1998-10-03,2013-09-07,
Murray1915,LIB,1958-11-22,1961-12-09,
Mutch1956,LIB,1996-03-02,1998-08-31,
Nairn1951,LIB,1996-03-02,2007-11-24,
Nairn1878,NAT,1929-10-12,1931-01-01,
Nairn1878,UAP,1931-01-01,1943-08-21,
Neal1963,ALP,2007-11-24,2010-07-19,
Nehl1934,NPA,1984-12-01,2001-10-08,
Neil1944,LIB,1975-12-13,1980-10-18,
Nelson1959,LIB,1996-03-02,2009-10-19,
Nelson1881,ALP,1922-12-16,1934-09-15,
Nelson1908,ALP,1949-12-10,2066-10-31,
Neumann1961,ALP,2007-11-24,,
Neville1940,NPA,1993-03-13,2003-10-01,
Neville1940,NP,2003-10-01,2013-08-05,
Newell1952,ALP,1990-03-24,1996-03-02,
Newman1933,LIB,1975-06-28,1984-10-26,
Nicholls1917,ALP,1963-11-30,1977-09-30,
Nicholls1885,ALP,1917-05-05,1922-12-16,
Nikolic1961,LIB,2013-09-07,2016-07-02,
Nixon1928,CP,1961-12-09,1975-05-01,
Nixon1928,NCP,1975-05-01,1982-10-01,
Nixon1928,NPA,1982-10-01,1983-02-04,
Nock1879,CP,1931-12-19,1940-09-21,
Nott1888,NAT,1925-11-14,1928-12-17,
Nott1888,IND,1949-12-10,1951-04-28,
Nugent1938,LIB,1990-03-24,2001-04-24,
O'Brien1972,NP,2016-07-02,,
O'Brien1926,ALP,1961-12-09,2063-11-30,
O'Brien1974,LIB,2016-07-02,,
O'Byrne1968,ALP,1998-10-03,2004-10-09,
O'Connor1962,ALP,2001-11-10,,
O'Connor1947,ALP,1993-03-13,2007-10-01,
O'Connor1947,IND,2007-10-01,2007-11-24,
O'Connor1910,ALP,1946-09-28,1969-09-29,
O'Dowd1950,NP,2010-08-21,,
O'Dwyer1977,LIB,2009-12-05,,
O'Keefe1864,ALP,1922-12-16,1925-11-14,
O'Keefe1912,CP,1969-10-25,1975-05-01,
O'Keefe1912,NCP,1975-05-01,1982-10-01,
O'Keefe1912,NPA,1982-10-01,1984-10-26,
O'Keefe1947,ALP,1984-12-01,2001-10-08,
O'Malley1854,PROT,1901-03-29,1903-12-16,
O'Malley1854,ALP,1903-12-16,1917-05-05,
O'Neil1980,ALP,2013-09-07,,
O'Neil1937,ALP,1983-03-05,1993-02-08,
O'Neill1961,ALP,2010-08-21,2013-09-07,
O'Toole1956,ALP,2016-07-02,2019-05-18,
Oakeshott1969,IND,2008-09-06,2013-08-05,
Oldmeadow1924,ALP,1972-12-02,1975-12-13,
Olley1927,ALP,1972-12-02,1974-05-18,
Opperman1904,LIB,1949-12-10,1967-06-10,
Orchard1873,LIB,1913-05-31,1917-02-17,
Orchard1873,NAT,1917-02-17,1919-11-03,
Organ1956,GRN,2002-10-19,2004-10-09,
Osborne1909,LIB,1949-12-10,1961-12-09,
Owens1958,ALP,2004-10-09,,
Ozanne1877,ALP,1910-04-13,1917-05-05,
Page1880,FSU,1919-12-13,1920-01-01,
Page1880,CP,1920-01-01,1961-12-09,
Page1861,FT,1901-03-30,1903-01-01,
Page1861,ALP,1903-01-01,1921-06-03,
Palmer1859,PROT,1906-12-12,1910-01-01,
Palmer1859,LIB,1910-01-01,1917-02-17,
Palmer1859,NAT,1917-02-17,1919-08-14,
Palmer1954,PUP,2013-09-07,2016-05-09,
Parke1966,ALP,2007-11-24,2016-05-09,
Parkhill1879,NAT,1927-05-21,1931-01-01,
Parkhill1879,UAP,1931-01-01,1937-10-23,
Parsons1881,NAT,1925-11-14,1929-10-12,
Pasin1977,LIB,2013-09-07,,
Paterson1844,IND,1901-03-30,1903-11-23,
Paterson1882,CP,1922-12-16,1937-01-01,
Paterson1882,ST CP,1937-01-01,1940-01-01,
Paterson1882,LCP,1940-01-01,1943-07-07,
Patten1859,LIB,1913-05-31,1917-03-26,
Patterson1927,ALP,1966-02-26,1975-12-13,
Peacock1939,LIB,1966-04-02,1994-09-17,
Pearce1963,LIB,2001-07-14,2010-07-19,
Pearce1917,LIB,1949-12-10,1961-12-09,
Pearsall1920,LIB,1966-11-26,1969-10-25,
Perkins1878,NAT,1926-03-06,1929-12-12,
Perkins1878,UAP,1931-12-19,1943-08-21,
Perrett1966,ALP,2007-11-24,,
Peters1897,ALP,1949-12-10,1969-09-29,
Pettitt1910,CP,1963-11-30,1972-12-02,
Phillips1855,PROT,1901-03-29,1906-11-05,
Piesse1848,FT,1901-03-29,1902-03-06,
Pigott1866,LIB,1913-05-31,1917-02-17,
Pigott1866,NAT,1917-02-17,1919-12-13,
Pitt1969,NP,2013-09-07,,
Pittard1902,LIB,1949-12-10,1951-04-28,
Plibersek1969,ALP,1998-10-03,,
Pollard1894,ALP,1937-10-23,1966-11-26,
Porter1970,LIB,2013-09-07,,
Porter1950,LIB,1975-12-13,1990-02-19,
Poynton1853,FT,1901-03-30,1903-12-16,
Poynton1853,ALP,1903-12-16,1917-02-17,
Poynton1853,NAT,1917-02-17,1922-12-16,
Pratt1948,LIB,1988-02-06,1990-03-24,
Pratten1899,NAT,1928-06-16,1929-10-12,
Pratten1865,NAT,1921-12-10,1928-05-07,
Prentice1953,LIB,2010-08-21,,
Price1892,UAP,1941-05-24,1943-08-21,
Price1882,ALP,1928-11-17,1931-01-01,
Price1882,UAP,1931-01-01,1941-04-23,
Price1945,ALP,1984-12-01,2010-07-19,
Price1963,LIB,2013-09-07,,
Prosser1948,LIB,1987-07-11,2007-10-17,
Prowse1871,CP,1919-12-13,1943-08-21,
Punch1957,ALP,1983-03-05,1996-01-29,
Pyne1967,LIB,1993-03-13,,
Quick1941,ALP,1993-03-13,2007-08-01,
Quick1941,IND,2007-08-01,2007-10-17,
Quick1852,PROT,1901-03-29,1906-01-01,
Quick1852,IND PROT,1906-01-01,1910-01-01,
Quick1852,LIB,1910-01-01,1913-05-31,
Raguse1960,ALP,2007-11-24,2010-08-21,
Ramsey1956,LIB,2007-11-24,,
Randall1953,LIB,1996-03-02,2015-07-21,
Rankin1887,ST CP,1937-10-23,1940-01-01,
Rankin1887,UCP,1940-01-01,1943-01-01,
Rankin1887,CP,1943-01-01,1949-10-31,
Rea1963,ALP,2007-11-24,2010-08-21,
Reeves1952,ALP,1983-03-05,1984-12-01,
Reid1845,FT,1901-03-29,1903-08-18,
Reid1845,FT,1903-08-18,1906-01-01,
Reid1845,ANTI-SOC,1906-01-01,1910-04-13,Name change
Reid1916,LIB,1969-10-25,1972-12-02,
Reid1935,LIB,1990-03-24,1998-08-31,
Reith1950,LIB,1982-12-04,2001-10-08,
Reynolds1923,ALP,1958-11-22,1975-11-11,
Richardson1958,LIB,2004-10-09,2007-11-24,
Richardson1939,LIB,1975-12-13,1977-10-01,
Richardson1939,PP,1977-10-01,1977-11-10,
Riggall1941,LIB,1990-03-24,1993-03-13,
Riley1859,ALP,1910-04-13,1931-12-19,
Riley1892,ALP,1922-12-16,1931-01-01,
Riley1892,FLP,1931-01-01,1934-09-15,
Riordan1888,ALP,1929-10-12,1931-01-01,
Riordan1888,FLP,1931-01-01,1936-10-15,
Riordan1930,ALP,1972-12-02,1975-12-13,
Riordan1908,FLP,1936-12-12,1936-01-01,
Riordan1908,ALP,1936-01-01,1966-10-31,
Ripoll1966,ALP,1998-10-03,2016-05-09,
Rishworth1978,ALP,2007-11-24,,
Robb1951,LIB,2004-10-09,2016-05-09,
Robert1970,LIB,2007-11-24,,
Roberton1900,CP,1949-12-10,1965-01-21,
Roberts1869,ALP,1908-06-13,1913-12-02,
Robinson1872,FT,1903-12-16,1906-12-12,
Robinson1929,LIB,1972-12-02,1981-01-07,
Robinson1927,CP,1963-11-30,1975-05-01,
Robinson1927,NCP,1975-05-01,1982-10-01,
Robinson1927,NPA,1982-10-01,1990-03-24,
Rocher1936,LIB,1981-02-21,1995-08-01,
Rocher1936,IND,1995-08-01,1998-10-03,
Rodgers1875,LIB,1913-05-31,1917-02-17,
Rodgers1875,NAT,1917-02-17,1929-10-12,
Ronald1861,ALP,1901-03-29,1906-12-12,
Ronaldson1954,LIB,1990-03-24,2001-10-08,
Rosevear1892,LANG LAB,1931-12-19,1936-01-01,
Rosevear1892,ALP,1936-01-01,1940-01-01,
Rosevear1892,ALP (N-C),1940-01-01,1941-01-01,
Rosevear1892,ALP,1941-01-01,1953-03-21,
Rowe1872,ALP,1929-10-12,1931-12-19,
Rowland1971,ALP,2010-08-21,,
Roxon1967,ALP,1998-10-03,2013-08-05,
Roy1990,LIB,2010-08-21,2016-07-02,
Rudd1957,ALP,1998-10-03,2013-11-22,
Ruddock1943,LIB,1973-09-22,2016-05-09,
Russell1907,CP,1949-12-10,1951-04-28,
Russell1890,ALP,1943-08-21,1963-03-31,
Ryan1961,ALP,2013-09-07,,
Ryan1884,UAP,1940-09-21,1944-01-01,
Ryan1884,LIB,1944-01-01,1952-08-26,
Ryan1876,ALP,1919-12-13,1921-08-01,
Ryrie1865,LIB,1911-03-11,1917-02-17,
Ryrie1865,NAT,1917-02-17,1927-04-13,
Saffin1954,ALP,2007-11-24,2013-09-07,
Sainsbury1940,LIB,1975-12-13,1983-03-05,
St Clair1949,NPA,1998-10-03,2001-11-10,
St John1916,LIB,1966-11-26,1969-04-01,
St John1916,IND LIB,1969-04-01,1969-10-25,
Salmon1861,PROT,1901-03-29,1910-01-01,
Salmon1861,LIB,1910-01-01,1917-09-15,
Sampson1863,IND PROT,1906-12-12,1910-01-01,
Sampson1863,LIB,1910-01-01,1917-02-17,
Sampson1863,NAT,1917-02-17,1919-12-13,
Saunderson1948,ALP,1983-03-05,1990-03-24,
Sawers1844,PROT,1901-03-29,1903-12-16,
Sawford1944,ALP,1988-03-26,2007-10-17,
Scholes1931,ALP,1967-07-22,1993-02-08,
Scholfield1894,UAP,1931-12-19,1940-09-21,
Schultz1939,LIB,1998-10-03,2013-08-05,
Sciacca1947,ALP,1987-07-11,2004-10-09,
Scott1943,NPA,1990-03-24,2003-10-01,
Scott1943,NP,2003-10-01,2016-05-09,
Scott1977,LIB,2013-09-07,2016-07-02,
Scott1934,ALP,1980-10-18,1993-02-08,
Scott1947,ALP,1988-10-08,1996-03-02,
Scullin1876,ALP,1910-04-13,1931-01-01,
Scullin1876,FLP,1931-01-01,1936-01-01,
Scullin1876,ALP,1936-01-01,1949-10-31,
Scully1890,ALP,1937-05-08,1949-12-10,
Seabrook1867,NAT,1922-12-16,1928-11-17,
Secker1956,LIB,1998-10-03,2013-08-05,
Sercombe1949,ALP,1996-03-02,2007-10-17,
Sexton1905,ALP,1958-11-22,1966-11-26,
Shack1953,LIB,1977-12-10,1993-02-08,
Sharkie1972,NXT,2016-07-02,,
Sharp1954,NPA,1984-12-01,1998-08-31,
Sharpe1868,ALP,1913-05-31,1917-05-05,
Shaw1913,CP,1963-11-30,1966-01-09,
Sheehan1891,ALP,1937-10-23,1940-01-01,
Sheehan1891,ALP (N-C),1940-01-01,1941-01-01,
Sheehan1891,ALP,1941-01-01,1955-03-26,
Sheehy1899,ALP,1943-08-21,1949-12-10,
Sherry1924,ALP,1969-10-25,1975-12-13,
Shipton1936,LIB,1975-12-13,1990-02-19,
Short1936,LIB,1975-12-13,1980-10-18,
Short1956,ALP,2001-03-17,2001-11-10,
Shorten1967,ALP,2007-11-24,,
Sidebottom1951,ALP,1998-10-03,2013-09-07,
Simmons1947,ALP,1983-03-05,1996-01-29,
Simon1936,LIB,1975-12-13,1980-10-18,
Simpkins1964,LIB,2007-11-24,2016-07-02,
Sinclair1864,ANTI-SOC,1906-12-12,1910-01-01,
Sinclair1864,LIB,1910-01-01,1917-02-17,
Sinclair1864,NAT,1917-02-17,1919-11-03,
Sinclair1929,CP,1963-11-30,1975-05-01,
Sinclair1929,NCP,1975-05-01,1982-10-01,
Sinclair1929,NPA,1982-10-01,1998-08-31,
Skene1845,FT,1901-03-29,1906-11-08,
Slipper1950,NPA,1984-12-01,1987-07-11,
Slipper1950,LIB,1993-03-13,2011-11-24,Resigned from the party on becoming speaker.
Slipper1950,IND,2011-11-24,2013-09-07,
Smith1881,ALP,1943-08-21,1946-09-28,
Smith1950,LIB,1996-03-02,1998-05-01,
Smith1950,IND,1998-05-01,1998-10-03,
Smith1967,LIB,2001-11-10,,
Smith1851,FT,1901-03-29,1906-01-01,
Smith1851,ANTI-SOC,1906-01-01,1910-01-01,Name change
Smith1851,LIB,1910-01-01,1917-02-17,
Smith1851,NAT,1917-02-17,1919-12-13,
Smith1939,ALP,1993-03-13,1996-03-02,
Smith1955,ALP,1993-03-13,2013-08-05,
Smith1856,FT,1901-03-29,1906-12-12,
Smith1954,LIB,1984-12-01,1998-10-03,
Smith1869,ALP,1910-04-13,1917-02-17,
Smith1869,NAT,1917-02-17,1922-12-16,
Smyth1959,LIB,1995-03-25,1996-03-02,
Smyth1976,ALP,2010-08-21,2013-09-07,
Snedden1926,LIB,1955-12-10,1983-04-21,
Snow1934,ALP,1983-03-05,1996-03-02,
Snowdon1950,ALP,1987-07-11,,
Solomon1839,FT,1901-03-29,1903-12-16,
Solomon1931,LIB,1969-10-25,1972-12-02,
Solomon1853,FT,1901-03-30,1903-12-16,
Somlyay1946,LIB,1990-03-24,2013-08-05,
Southcott1967,LIB,1996-03-02,2016-05-09,
Spence1846,ALP,1901-03-29,1917-02-17,
Spence1846,NAT,1917-02-17,1919-12-13,
Spender1935,LIB,1980-10-18,1990-03-24,
Spender1897,IND UAP,1937-10-23,1940-01-01,
Spender1897,UAP,1940-01-01,1944-01-01,
Spender1897,LIB,1944-01-01,1951-03-19,
Spooner1891,UAP,1940-09-21,1943-08-21,
Spurr1897,ALP,1939-05-27,1940-09-21,
Stacey1879,UAP,1931-12-19,1943-08-21,
Staley1939,LIB,1970-09-19,1980-09-19,
Stanley1961,ALP,2016-07-02,,
Staples1947,ALP,1983-03-05,1996-01-29,
Steedman1943,ALP,1983-03-05,1984-12-01,
Stewart1923,ALP,1953-08-29,1979-04-16,
Stewart1884,UAP,1931-12-19,1946-08-16,
Stewart1885,VFU,1919-12-13,1920-01-01,
Stewart1885,CP,1920-01-01,1926-01-01,
Stewart1885,C PROG,1926-01-01,1931-10-14,
Stokes1906,LIB,1955-12-10,1969-10-25,
Stone1951,LIB,1996-03-02,2016-05-09,
Storrer1854,PROT,1903-12-16,1910-04-13,
Story1857,NAT,1917-05-05,1922-12-16,
Street1926,LIB,1966-11-26,1984-01-18,
Street1894,UAP,1934-09-15,1940-08-13,
Stumm1853,LIB,1913-05-31,1917-03-26,
Sudmalis1955,LIB,2013-09-07,,
Sukkar1981,LIB,2013-09-07,,
Sullivan1929,CP,1974-05-18,1975-05-01,
Sullivan1929,NCP,1975-05-01,1977-12-10,
Sullivan1950,ALP,2007-11-24,2010-08-21,
Sullivan1942,LIB,1984-12-01,2001-10-08,
Swan1954,ALP,1993-03-13,,
Swanson1970,ALP,2016-07-02,,
Swartz1911,LIB,1949-12-10,1972-11-02,
Symon1965,ALP,2007-11-24,2013-09-07,
Tambling1943,NCP,1980-10-18,1982-10-01,
Tambling1943,NPA,1982-10-01,1983-03-05,
Tanner1956,ALP,1993-03-13,2010-07-19,
Taylor1966,LIB,2013-09-07,,
Taylor1938,LIB,1988-04-09,1998-08-31,
Tehan1968,LIB,2010-08-21,,
Templeman1963,ALP,2016-07-02,,
Theodore1884,ALP,1927-02-26,1931-12-19,
Theophanous1946,ALP,1980-10-18,2000-04-01,
Theophanous1946,IND,2000-04-01,2001-11-10,
Thistlethwaite1972,ALP,2013-09-07,,
Thomas1863,ALP,1901-03-29,1917-02-17,
Thomas1863,NAT,1917-02-17,1917-03-26,
Thompson1886,ALP,1946-09-28,1963-11-01,
Thompson1960,LIB,1998-10-03,2007-11-24,
Thompson1885,CP,1922-12-16,1940-09-21,
Thomson1961,LIB,1995-04-08,2001-10-08,
Thomson1964,ALP,2007-11-24,2012-04-01,
Thomson1964,IND,2012-04-01,2013-09-07,
Thomson1856,ALP,1903-12-16,1906-12-12,
Thomson1924,NCP,1975-12-13,1982-10-01,
Thomson1924,NPA,1982-10-01,1983-03-05,
Thomson1848,FT,1901-03-29,1906-01-01,
Thomson1848,ANTI-SOC,1906-01-01,1910-02-19,Name change
Thomson1862,PROT,1906-12-12,1910-01-01,
Thomson1862,LIB,1910-01-01,1917-02-17,
Thomson1862,NAT,1917-02-17,1919-12-13,
Thomson1955,ALP,1996-03-02,2016-05-09,
Thorburn1930,ALP,1972-12-02,1975-12-13,
Thorby1888,CP,1931-12-19,1940-09-21,
Ticehurst1945,LIB,2001-11-10,2007-11-24,
Tickner1951,ALP,1984-02-18,1996-03-02,
Timson1909,LIB,1949-12-10,1960-10-16,
Tollner1966,CLP,2001-11-10,2007-11-24,
Townley1907,LIB,1949-12-10,1963-12-24,
Treloar1892,CP,1949-12-10,1953-11-15,
Trevor1961,ALP,2007-11-24,2010-08-21,
Truss1948,NPA,1990-03-24,2003-10-01,
Truss1948,NP,2003-10-01,2016-05-09,
Tuckey1935,LIB,1980-10-18,2010-08-21,
Tudge1971,LIB,2010-08-21,,
Tudor1866,ALP,1901-03-29,1922-01-10,
Tully1877,ALP,1928-11-17,1931-12-19,
Turnbull1954,LIB,2004-10-09,,
Turnbull1899,CP,1946-02-09,1972-11-02,
Turner1905,LIB,1952-12-20,1974-04-11,
Turner1851,PROT,1901-03-29,1906-11-08,
Turnour1966,ALP,2007-11-24,2010-08-21,
Uren1921,ALP,1958-11-22,1990-02-19,
Vaile1956,NPA,1993-03-13,2003-10-01,
Vaile1956,NP,2003-10-01,2008-07-30,
Vale1944,LIB,1996-03-02,2010-07-19,
Vamvakinou1959,ALP,2001-11-10,,
van Manen1959,LIB,2010-08-21,,
Varvaris1974,LIB,2013-09-07,2016-07-02,
Vasta1966,LIB,2004-10-09,,
Viner1933,LIB,1972-12-02,1983-03-05,
Wakelin1946,LIB,1993-03-13,2007-10-17,
Walker1942,ALP,1990-03-24,1996-03-02,
Wallace1968,LIB,2016-07-02,,
Wallace1881,ALP,1917-05-05,1919-12-13,
Wallis1922,ALP,1969-10-25,1983-02-04,
Ward1899,ALP,1931-03-07,1931-12-19,
Ward1899,LANG LAB,1932-02-06,1936-01-01,
Ward1899,ALP,1936-01-01,1963-07-31,
Washer1945,LIB,1998-10-03,2013-08-05,
Watkins1865,ALP,1901-03-29,1931-01-01,
Watkins1865,FLP,1931-01-01,1935-04-08,
Watkins1896,FLP,1935-06-01,1936-01-01,
Watkins1896,ALP,1936-01-01,1958-10-14,
Watson1945,LIB,1984-12-01,1987-07-11,
Watson1867,ALP,1901-03-29,1910-02-19,
Watson1864,IND,1922-12-16,1928-10-09,
Watson1864,UAP,1931-12-19,1934-08-07,
Watt1871,LIB,1914-09-05,1917-02-17,
Watt1871,NAT,1917-02-17,1922-01-01,
Watt1871,LIB,1922-01-01,1925-01-01,
Watt1871,NAT,1925-01-01,1929-07-05,
Watts1982,ALP,2013-09-07,,
Webb1908,ALP,1954-05-29,1972-12-02,
Webster1934,LIB,1984-12-01,1993-03-13,
Webster1860,ALP,1903-12-16,1917-02-17,
Webster1860,NAT,1917-02-17,1919-12-13,
Wells1949,ALP,1983-03-05,1984-12-01,
Wentworth1907,LIB,1949-12-10,1977-10-01,
Wentworth1907,IND LIB,1977-10-01,1977-11-10,
West1952,LIB,1996-03-02,1998-10-03,
West1851,ALP,1910-04-13,1931-02-05,
West1934,ALP,1977-10-15,1993-02-08,
Whan1933,ALP,1972-12-02,1975-12-13,
Wheeler1909,LIB,1949-12-10,1961-12-09,
White1936,LIB,1981-02-21,1990-02-19,
White1888,NAT,1929-08-03,1931-01-01,
White1888,UAP,1931-01-01,1944-01-01,
White1888,LIB,1944-01-01,1951-06-20,
Whiteley1960,LIB,2013-09-07,2016-07-02,
Whitlam1944,ALP,1975-12-13,1977-11-10,
Whitlam1916,ALP,1952-11-29,1978-07-31,
Whitsitt1869,CP,1922-12-16,1925-10-03,
Whittorn1911,LIB,1960-07-16,1974-04-11,
Wicks1973,LIB,2013-09-07,,
Wienholt1877,NAT,1919-12-13,1920-01-01,
Wienholt1877,CP,1920-01-01,1922-11-06,
Wight1914,LIB,1949-12-10,1961-12-09,
Wilkie1961,IND,2010-08-21,,
Wilkie1959,ALP,1998-10-03,2007-11-24,
Wilkinson1854,IND LAB,1901-03-30,1903-01-01,
Wilkinson1854,ALP,1903-01-01,1906-12-12,
Wilks1863,FT,1901-03-29,1906-01-01,
Wilks1863,ANTI-SOC,1906-01-01,1910-04-13,Name change
Williams1942,LIB,1993-03-13,2004-08-31,
Williams1973,LIB,2013-09-07,2016-07-02,
Williams1897,ALP,1943-08-21,1949-12-10,
Willis1860,FT,1901-03-29,1906-01-01,
Willis1860,ANTI-SOC,1906-01-01,1910-04-13,Name change
Willis1938,ALP,1972-12-02,1998-08-31,
Wilson1880,FCP,1937-10-23,1940-01-01,
Wilson1880,UCP,1940-01-01,1943-01-01,
Wilson1880,CP,1943-01-01,1945-12-31,
Wilson1932,LIB,1966-11-26,1993-02-08,
Wilson1863,FT,1903-12-16,1910-01-01,
Wilson1863,ANTI-SOC,1910-01-01,1910-04-13,
Wilson1972,ALP,2016-07-02,,
Wilson1900,LIB,1949-12-10,1951-01-01,
Wilson1900,LCL,1951-01-01,1955-01-01,
Wilson1900,LIB,1955-01-01,1966-10-31,
Wilson1966,LIB,2013-09-07,,
Wilson1980,LIB,2016-07-02,,
Wilton1955,ALP,1996-03-02,2000-06-14,
Windsor1950,IND,2001-11-10,2013-08-05,
Wise1853,PROT,1906-12-12,1910-01-01,
Wise1853,ALP,1910-01-01,1913-05-31,
Wise1853,IND,1914-09-05,1917-02-17,
Wise1853,NAT,1917-02-17,1922-12-16,
Wood1968,LIB,2004-10-09,,
WoodsHarry1947,ALP,1990-03-24,1996-03-02,
WoodsRobert1947,LIB,1987-07-11,1993-03-13,
Wooldridge1956,LIB,1987-07-11,2001-10-08,
Worth1946,LIB,1993-03-13,2004-10-09,
Wright1942,ALP,1984-12-01,1993-01-01,
Wright1942,IND,1993-01-01,1993-03-13,
Wyatt1952,LIB,2010-08-21,,
Wynne1850,IND PROT,1906-12-12,1910-01-01,
Wynne1850,LIB,1910-01-01,1914-07-30,
Yates1871,ALP,1914-01-10,1931-12-19,
Yates1921,LIB,1975-12-13,1980-10-18,
Young1936,ALP,1974-05-18,1988-02-08,
Zahra1973,ALP,1998-10-03,2004-10-09,
Zammit1941,LIB,1996-03-02,1998-02-01,
Zammit1941,IND,1998-02-01,1998-10-03,
Zappia1952,ALP,2007-11-24,,
Zimmerman1968,LIB,2015-12-05,,
Phelps1957,IND,2018-10-20,2019-05-18,
Allen1966,LIB,2019-05-18,,
Archer1975,LIB,2019-05-18,,
Bell,LIB,2019-05-18,,
Burns1987,ALP,2019-05-18,,
Coker,ALP,2019-05-18,,
Conaghan,NP,2019-05-18,,
Connelly,LIB,2019-05-18,,
Haines1961,IND,2019-05-18,,
Hammond,LIB,2019-05-18,,
Liu1964,LIB,2019-05-18,,
Martin1977,LIB,2019-05-18,,
McIntosh1977,LIB,2019-05-18,,
Mulino1969,ALP,2019-05-18,,
Murphy1973,ALP,2019-05-18,,
Payne1982,ALP,2019-05-18,,
Pearce,LIB,2019-05-18,,
Phillips,ALP,2019-05-18,,
Sharma1975,LIB,2019-05-18,,
Simmonds,LIB,2019-05-18,,
Smith1970,ALP,2019-05-18,,
Steggall1974,IND,2019-05-18,,
Stevens1983,LIB,2019-05-18,,
Thompson1988,LIB,2019-05-18,,
Thwaites1980,ALP,2019-05-18,,
Webster,NP,2019-05-18,,
Wells,ALP,2019-05-18,,
Young1968,LIB,2019-05-18,,
Phelps1957,IND,2018-10-20,2019-05-18,